{"blocks.7.hook_resid_post": [2498, 9299, 9938, 2157, 2498, 2157, 2498, 5337, 4958, 5337, 10665, 11522, 4958, 5337, 9299, 9938, 11644, 11669], "blocks.14.hook_resid_post": [534, 4093, 534, 13245, 534, 11578, 13245, 3021, 4170, 11578, 501, 2038, 2225, 3021, 3818, 5689, 9393, 12405], "blocks.21.hook_resid_post": [12112, 6201, 2498, 4328, 2498, 4170, 12529, 2453, 2498, 4170, 12529, 14219, 4170, 15373, 1408, 1677, 3076, 3272, 3278, 3385, 5478, 6219, 6740, 6902, 6970, 7015, 7482, 8255, 9601, 10824, 11489, 11889, 11926, 12314, 12808, 12815, 14202, 14219, 15282, 16372, 1408, 3076, 4351, 12314, 15881, 712, 1408, 1744, 3278, 3638, 4650, 4672, 5148, 5394, 6650, 8082, 8127, 8255, 10003, 10488, 10532, 11752, 11983, 12314, 12598, 12643, 12987, 13117, 15881], "blocks.40.hook_resid_post": [34, 130, 215, 637, 673, 950, 1073, 1322, 1849, 2355, 2493, 2534, 2664, 3191, 3330, 3685, 3799, 3827, 3895, 3938, 3960, 3987, 4694, 4956, 4970, 5312, 6610, 6971, 7312, 7421, 7622, 8407, 8468, 8552, 8853, 9230, 9262, 9447, 9538, 9578, 9682, 10000, 10155, 10628, 10978, 11066, 11103, 11704, 11839, 12037, 12102, 12203, 12388, 12945, 13095, 13113, 13131, 13380, 13479, 13576, 13836, 13925, 13967, 14423, 14425, 15246, 15505, 15628, 16342], "total_density": 174, "avg_density": 43.5, "ce_loss": 2.2360315322875977, "logit_diff": 3.881232976913452, "faithfulness": 0.9317773556939081}