{"blocks.7.hook_resid_post": [9152, 9152, 4146, 14287], "blocks.14.hook_resid_post": [5082, 9224, 9259, 14148, 9224, 6570, 8096], "blocks.21.hook_resid_post": [972, 7957, 10941, 13730, 6559, 7957, 8293, 12577, 14848, 7957, 10941, 12577, 6293, 865, 8407, 12577], "blocks.40.hook_resid_post": [520, 611, 2235, 2693, 2820, 3111, 3510, 3624, 3764, 5610, 6013, 6214, 6426, 6574, 8487, 8680, 9294, 9491, 9961, 10941, 11051, 11654, 13074, 13762, 14861, 15427, 15600, 16098], "total_density": 55, "avg_density": 13.75, "ce_loss": 5.315802574157715, "logit_diff": 3.359884262084961, "faithfulness": 0.9561419486999512}