{"blocks.0.hook_resid_post": [3974, 7572, 7781], "blocks.6.hook_resid_post": [11417], "blocks.12.hook_resid_post": [2620, 10678, 13561, 13561], "blocks.18.hook_resid_post": [1271, 1506, 9392, 10665, 15377, 10665, 1271, 4442, 10665, 11381, 11902, 13879, 15275], "blocks.24.hook_resid_post": [217, 261, 454, 1877, 2765, 3627, 5222, 7780, 13078, 14129], "total_density": 31, "avg_density": 6.2, "ce_loss": 3.8807926177978516, "logit_diff": 2.8345351219177246, "faithfulness": 0.8818945170098597}