{"blocks.7.hook_resid_post": [9152], "blocks.14.hook_resid_post": [5082], "blocks.21.hook_resid_post": [13730], "blocks.40.hook_resid_post": [2488, 2693, 2820, 3510, 3764, 4661, 6426, 6574, 9294, 14988], "total_density": 13, "avg_density": 3.25, "ce_loss": 5.166790962219238, "logit_diff": 1.9892828464508057, "faithfulness": 0.5661018490791321}