{"blocks.0.hook_resid_post": [401, 587, 1014, 3645, 5082, 11189, 11508, 12306, 15783, 963, 5082, 45, 289, 800, 1283, 1366, 2771, 4169, 4630, 4713, 5082, 5591, 7145, 7840, 8570, 8624, 9738, 11465, 11470, 13373, 13866, 14287, 14313, 15072, 15568], "blocks.13.hook_resid_post": [1544, 3724, 3833, 5924, 6598, 6677, 11332, 12484, 14484, 5924, 7366, 11332, 12294, 13464, 6598, 237, 570, 1015, 1322, 1648, 1718, 2670, 3129, 3957, 3971, 4166, 4630, 5230, 5529, 5618, 6390, 6440, 9800, 9920, 10071, 10219, 10343, 11325, 11332, 11422, 12679, 13220, 13454, 14891, 15525], "blocks.26.hook_resid_post": [1219, 5176, 9828, 11524, 13969, 15847, 711, 1481, 1869, 1999, 2633, 2885, 3201, 3319, 3984, 6666, 7375, 9124, 11661, 12664, 13947, 14280, 14816, 15225, 15360, 15376, 15853, 15920, 16146, 16177, 653, 1088, 2888, 5388, 7192, 7375, 9124, 10594, 12664, 13056, 14280, 14482, 15225, 15920, 16146, 2450, 5176, 13947, 16025, 66, 68, 143, 170, 309, 493, 510, 653, 712, 752, 991, 1049, 1169, 1443, 1484, 1521, 1600, 1837, 1966, 2154, 2162, 2388, 3374, 3391, 3450, 3871, 4055, 4670, 4700, 4974, 5372, 5460, 6166, 6195, 6235, 6237, 6282, 6444, 6651, 6969, 7156, 7241, 7261, 7375, 7757, 7925, 8080, 8242, 8261, 8274, 8432, 8594, 8738, 8880, 9720, 9737, 9811, 9897, 10140, 10142, 10153, 10201, 10535, 10594, 10911, 10998, 11037, 11213, 11615, 11644, 11725, 11730, 11998, 12056, 12317, 12664, 13015, 13056, 13115, 13331, 13947, 14028, 14067, 14092, 14480, 14482, 14554, 14567, 14919, 15003, 15135, 15225, 15261, 15410, 15434, 15454, 15831, 15847, 15920, 16204], "blocks.39.hook_resid_post": [14220, 108, 564, 1035, 1128, 1137, 1541, 1632, 2203, 2386, 2542, 2616, 2744, 2771, 2804, 2919, 3083, 3218, 3238, 3268, 3288, 3352, 3386, 3424, 4043, 4063, 4089, 4090, 4258, 4272, 4451, 4619, 4746, 5035, 5193, 5222, 5710, 6214, 6249, 6283, 6284, 6363, 6398, 6647, 7021, 7148, 7163, 7240, 7283, 7742, 7784, 7908, 7909, 8012, 8067, 8794, 8974, 9492, 9631, 10036, 10118, 10260, 10277, 10685, 10703, 11088, 11110, 11257, 11607, 11650, 11663, 11812, 12158, 12333, 12387, 12448, 12827, 12848, 12895, 13023, 13082, 13110, 13584, 13756, 13776, 14220, 14789, 14791, 15485, 15631, 15685, 15737, 15760, 15917, 15977], "total_density": 324, "avg_density": 81.0, "ce_loss": 4.614116668701172, "logit_diff": 2.8192830085754395, "faithfulness": 0.7800040989210681}