{"blocks.0.hook_resid_post": [3974], "blocks.3.hook_resid_post": [15191], "blocks.6.hook_resid_post": [11417], "blocks.9.hook_resid_post": [8717], "blocks.12.hook_resid_post": [10678], "blocks.15.hook_resid_post": [13449], "blocks.18.hook_resid_post": [1506, 10665, 10665, 11381], "blocks.21.hook_resid_post": [1978, 1978, 6162], "blocks.24.hook_resid_post": [2765, 3627, 7780, 13078], "total_density": 17, "avg_density": 1.8888888888888888, "ce_loss": 4.604681015014648, "logit_diff": 0.8685346841812134, "faithfulness": 0.2702227853483393}