{"blocks.7.hook_resid_post": [9152, 14287], "blocks.14.hook_resid_post": [5082, 9224, 9259, 9224, 6570], "blocks.21.hook_resid_post": [972, 7957, 13730, 6559, 7957, 8293, 12577, 14848, 7957, 10941, 12577, 865, 12577], "blocks.40.hook_resid_post": [520, 2235, 2664, 2693, 2820, 3111, 3624, 3764, 5610, 6013, 6214, 6426, 6574, 8487, 8680, 9294, 10941, 11654, 13762, 15427, 15600, 16098], "total_density": 42, "avg_density": 10.5, "ce_loss": 5.368520736694336, "logit_diff": 3.3300373554229736, "faithfulness": 0.9476482272148132}