{"blocks.0.hook_resid_post": [5082, 14515], "blocks.10.hook_resid_post": [1675, 11615], "blocks.20.hook_resid_post": [3554, 7435, 7839, 10570, 13574, 15240], "blocks.30.hook_resid_post": [1186, 1927, 2580, 2683, 3364, 3489, 6958, 7109, 13217], "blocks.40.hook_resid_post": [467, 2693, 3111, 5085, 5680, 6097, 6426, 7084, 7916, 9961, 11267, 11416, 12272, 12335, 12695, 15170, 16166], "total_density": 36, "avg_density": 7.2, "ce_loss": 10.756315231323242, "logit_diff": -0.022140933200716972, "faithfulness": -0.0061256775563029425}