{"blocks.7.hook_resid_post": [2498, 9938, 2498, 2498, 4958, 2157, 4958, 9299, 9938, 11644, 11669, 15003], "blocks.14.hook_resid_post": [534, 4093, 534, 534, 3021, 4170, 501, 2225, 3021, 3818, 5689, 12405], "blocks.21.hook_resid_post": [2498, 2498, 12529, 2453, 2498, 14219, 1408, 1677, 3076, 3278, 3385, 5478, 6219, 6740, 6902, 7015, 8255, 10824, 12314, 12808, 12815, 16372, 3076, 12314, 712, 1408, 3638, 5394, 6650, 8082, 8127, 8255, 11983, 12314, 12987, 15881], "blocks.40.hook_resid_post": [34, 215, 637, 673, 1073, 1322, 1849, 2493, 2534, 3191, 3827, 3895, 3987, 4970, 6610, 6971, 7421, 7622, 8456, 8468, 8853, 9230, 9262, 9682, 10000, 10155, 10628, 10978, 11066, 11103, 11704, 11839, 12102, 12945, 13095, 13113, 13131, 13380, 13479, 13925, 14423, 14425, 15246, 15628], "total_density": 104, "avg_density": 26.0, "ce_loss": 2.714049816131592, "logit_diff": 2.8806142807006836, "faithfulness": 0.6915563103815308}