{"blocks.7.hook_resid_post": [9152], "blocks.14.hook_resid_post": [5082, 9224], "blocks.21.hook_resid_post": [13730, 7957, 12577, 170, 209, 865, 4297, 4714, 6937, 9502, 10849, 11008], "blocks.40.hook_resid_post": [520, 1155, 1433, 1452, 1743, 2235, 2488, 2664, 2693, 2820, 3111, 3510, 3764, 3765, 4330, 4661, 4843, 6013, 6214, 6426, 6574, 6851, 7776, 7788, 8003, 8502, 8583, 9294, 10455, 10941, 11314, 11654, 12905, 13582, 13762, 14988, 15427, 15600, 16048, 16098], "total_density": 55, "avg_density": 13.75, "ce_loss": 4.722005367279053, "logit_diff": 3.2237625122070312, "faithfulness": 0.9174049496650696}