{"blocks.0.hook_resid_post": [2, 2, 2, 5], "blocks.3.hook_resid_post": [2, 2, 2, 5], "blocks.6.hook_resid_post": [2, 5], "blocks.9.hook_resid_post": [2, 2, 5], "blocks.12.hook_resid_post": [2, 2, 5], "blocks.15.hook_resid_post": [2, 2, 2, 2, 3, 5, 5, 6, 6, 6], "blocks.18.hook_resid_post": [2, 2, 2, 2, 2, 2, 2, 2, 2, 2, 3, 5, 5, 6, 6, 6, 6, 6, 6, 6, 6, 6, 6, 6, 6, 6, 6, 6, 6, 6, 6, 6, 6, 6, 6, 6, 6, 6, 6], "blocks.21.hook_resid_post": [2, 2, 5, 5, 6, 6, 6, 6, 6, 6, 6, 6, 6, 6, 6, 6, 6, 6, 6, 6, 6], "blocks.24.hook_resid_post": [6, 6, 6, 6, 6, 6, 6, 6, 6, 6, 6, 6, 6, 6, 6, 6, 6, 6, 6, 6, 6], "total_density": 107, "avg_density": 11.88888888888889, "ce_loss": 3.8898730278015137, "logit_diff": 1.913478136062622, "faithfulness": 0.5953307346815276}