{"blocks.0.hook_resid_post": [], "blocks.5.hook_resid_post": [], "blocks.10.hook_resid_post": [], "blocks.15.hook_resid_post": [], "blocks.20.hook_resid_post": [10092], "blocks.25.hook_resid_post": [4541], "blocks.30.hook_resid_post": [1186, 8158, 13514], "blocks.35.hook_resid_post": [6333, 8009, 8936, 13863], "blocks.40.hook_resid_post": [5071, 6028, 7775, 7916, 9292, 9667, 15170], "total_density": 16, "avg_density": 1.7777777777777777, "ce_loss": 7.657268524169922, "logit_diff": 0.019431425258517265, "faithfulness": 0.005376044655119723}