{"blocks.7.hook_resid_post": [], "blocks.14.hook_resid_post": [], "blocks.21.hook_resid_post": [], "blocks.40.hook_resid_post": [2693, 3764], "total_density": 2, "avg_density": 0.5, "ce_loss": 6.76801872253418, "logit_diff": 0.17055635154247284, "faithfulness": 0.04853621870279312}