{"blocks.0.hook_resid_post": [], "blocks.3.hook_resid_post": [], "blocks.6.hook_resid_post": [], "blocks.9.hook_resid_post": [], "blocks.12.hook_resid_post": [], "blocks.15.hook_resid_post": [], "blocks.18.hook_resid_post": [15394], "blocks.21.hook_resid_post": [2255, 6162, 15612], "blocks.24.hook_resid_post": [3848, 7780, 9428, 10301, 12608, 13752, 14448, 15057], "total_density": 12, "avg_density": 1.3333333333333333, "ce_loss": 6.444238185882568, "logit_diff": -0.04855829477310181, "faithfulness": -0.015107695644559384}