{"blocks.0.hook_resid_post": [], "blocks.3.hook_resid_post": [], "blocks.6.hook_resid_post": [], "blocks.9.hook_resid_post": [], "blocks.12.hook_resid_post": [2620, 7507], "blocks.15.hook_resid_post": [1695, 2234, 8610, 15687], "blocks.18.hook_resid_post": [442, 755, 7373, 7481, 9506, 10441, 11663, 14528, 15394], "blocks.21.hook_resid_post": [2255, 2460, 4435, 6162, 6577, 8948, 12020, 13557, 14010, 15612, 16199], "blocks.24.hook_resid_post": [1427, 1802, 3173, 3848, 5482, 5845, 7780, 9428, 10136, 10301, 11326, 12608, 13752, 14448, 15057], "total_density": 41, "avg_density": 4.555555555555555, "ce_loss": 5.691761493682861, "logit_diff": 0.007618284318596125, "faithfulness": 0.0023702381098198045}