{"blocks.0.hook_resid_post": [], "blocks.3.hook_resid_post": [], "blocks.6.hook_resid_post": [], "blocks.9.hook_resid_post": [], "blocks.12.hook_resid_post": [], "blocks.15.hook_resid_post": [2234, 8610], "blocks.18.hook_resid_post": [442, 7373, 7481, 9506, 14528, 15394], "blocks.21.hook_resid_post": [2255, 2460, 6162, 6577, 12020, 15612], "blocks.24.hook_resid_post": [1427, 3848, 5482, 7780, 9428, 10136, 10301, 11326, 12608, 13752, 14448, 15057], "total_density": 26, "avg_density": 2.888888888888889, "ce_loss": 6.400489807128906, "logit_diff": -0.03692994266748428, "faithfulness": -0.011489825509697174}