{"blocks.0.hook_resid_post": [5082, 12306, 7840], "blocks.13.hook_resid_post": [6598, 11332, 7366, 2670, 3129, 3971, 5230, 6390, 10343, 15525], "blocks.26.hook_resid_post": [2633, 13947, 14280, 15225, 15920, 16146, 5388, 12664, 16146, 493, 4700, 6235, 8242, 8432, 9720, 9897, 10201, 11615, 13056, 14067], "blocks.39.hook_resid_post": [1541, 2542, 2616, 2919, 3238, 3352, 4258, 4272, 4619, 6214, 6647, 7148, 7240, 7908, 8794, 9631, 12158, 12333, 12827, 13023, 14220], "total_density": 54, "avg_density": 13.5, "ce_loss": 4.498696327209473, "logit_diff": 2.240112066268921, "faithfulness": 0.6197662981749379}