{"blocks.7.hook_resid_post": [9152, 4146, 4148, 6415, 14287], "blocks.14.hook_resid_post": [5082, 9224, 736, 2887, 6570, 10343, 10818, 11236, 14791], "blocks.21.hook_resid_post": [972, 7105, 7957, 13730, 7957, 12577, 13979, 5533, 6293, 13371, 170, 209, 510, 865, 1181, 3687, 4000, 4297, 4714, 5141, 5704, 6333, 6937, 7250, 7306, 7723, 7887, 8366, 8735, 9103, 9502, 9591, 9633, 10036, 10309, 10502, 10837, 10849, 11008, 11847, 12057, 12585, 12667, 13614, 13702, 15950], "blocks.40.hook_resid_post": [23, 520, 662, 1035, 1155, 1433, 1452, 1743, 1956, 1980, 2235, 2285, 2488, 2664, 2693, 2820, 3111, 3400, 3506, 3510, 3554, 3764, 3765, 3790, 4330, 4570, 4661, 4740, 4843, 4985, 5312, 5516, 5610, 5909, 5988, 6013, 6214, 6302, 6403, 6426, 6574, 6818, 6851, 7417, 7651, 7776, 7788, 8003, 8019, 8502, 8583, 8958, 9294, 9696, 10267, 10455, 10604, 10702, 10941, 11051, 11314, 11367, 11524, 11654, 12118, 12333, 12349, 12444, 12905, 12923, 13082, 13263, 13386, 13582, 13762, 13776, 14357, 14466, 14571, 14725, 14861, 14988, 15056, 15427, 15600, 15730, 16048, 16098], "total_density": 148, "avg_density": 37.0, "ce_loss": 4.31223726272583, "logit_diff": 3.814971446990967, "faithfulness": 1.085648775100708}