{"blocks.0.hook_resid_post": [1014, 5082, 12306, 14013, 15783, 1283, 4630, 4713, 7840, 14287, 15072], "blocks.13.hook_resid_post": [6598, 11332, 7366, 11332, 1015, 1648, 2670, 3129, 3971, 5230, 5618, 6390, 6440, 9920, 10343, 12679, 15525], "blocks.26.hook_resid_post": [2633, 3319, 11661, 12664, 13947, 14280, 15225, 15920, 16146, 2888, 5388, 7192, 12664, 14280, 15920, 16146, 66, 493, 752, 1600, 4055, 4700, 6235, 7375, 8242, 8261, 8432, 9720, 9897, 10201, 10535, 11615, 11730, 12664, 13056, 13115, 14067, 14919, 15847], "blocks.39.hook_resid_post": [1541, 2542, 2616, 2919, 3238, 3352, 4089, 4258, 4272, 4451, 4619, 6214, 6398, 6647, 7021, 7148, 7240, 7742, 7908, 8794, 9631, 11663, 12158, 12333, 12827, 13023, 13082, 13110, 13776, 14220, 15631], "total_density": 98, "avg_density": 24.5, "ce_loss": 4.160762310028076, "logit_diff": 2.8199853897094727, "faithfulness": 0.7801984249826535}