{"blocks.0.hook_resid_post": [2, 2, 6, 6, 6], "blocks.6.hook_resid_post": [2, 3, 6, 6], "blocks.12.hook_resid_post": [2, 2, 2, 3, 3, 6, 6], "blocks.18.hook_resid_post": [2, 2, 2, 2, 2, 3, 3, 6, 6, 6, 6, 6, 6, 6, 6, 6, 6, 6], "blocks.24.hook_resid_post": [6, 6, 6, 6, 6, 6, 6, 6, 6, 6, 6, 6, 6], "total_density": 47, "avg_density": 9.4, "ce_loss": 3.8272392749786377, "logit_diff": 3.110161304473877, "faithfulness": 0.9676486913931979}