{"blocks.7.hook_resid_post": [9152, 4203, 4468, 9299, 9938, 10501, 11204, 15380, 4344, 4958, 9843, 11669, 15753, 4203, 4786, 10501, 7158, 7217, 14340, 15709, 2157, 9299, 9938, 10501, 11644, 1361, 4203, 4276, 4462, 4786, 5583, 6180, 9089, 10768, 10862, 11635, 13120, 13931, 15709], "blocks.14.hook_resid_post": [5082, 4093, 7560, 12405, 3021, 8734, 15322, 7560, 4093, 7560, 12405, 13245, 1563, 1724, 1788, 2576, 3742, 3805, 4542, 4811, 4834, 4942, 6430, 6791, 6868, 8269, 8538, 8629, 8657, 8746, 9066, 9930, 10954, 11766, 12725, 12929, 15133, 15305, 15603, 1788, 3742, 7216, 8746, 10244, 11991, 12457, 15628, 9700], "blocks.21.hook_resid_post": [5225, 13730, 2453, 4328, 4513, 12295, 4513, 6201, 12295, 14219, 15373, 4513, 4170, 4513, 4328, 4513, 12295, 12529, 534, 1454, 2916, 3433, 3610, 4737, 5066, 6077, 6352, 6740, 7015, 7063, 7757, 7992, 8378, 8615, 9663, 9823, 10374, 11455, 12169, 12365, 12815, 15546, 15598, 20, 2496, 3076, 3610, 5066, 5248, 5880, 7454, 8615, 8775, 9663, 9734, 10655, 11416, 11440, 11455, 11489, 12151, 12314, 12526, 14377, 14638, 15786, 52, 639, 712, 964, 1197, 1408, 1744, 1831, 1961, 2707, 3278, 3638, 3643, 4210, 4343, 4672, 4708, 4781, 4893, 4926, 5057, 5394, 5880, 5952, 6650, 7192, 8017, 8082, 8127, 8255, 8292, 8487, 8615, 8775, 8781, 8853, 9204, 9551, 10003, 10330, 10488, 10532, 10824, 11135, 12314, 12598, 12643, 12987, 13284, 13546, 13578, 14364, 14377, 14515, 14638, 14766, 14958], "blocks.40.hook_resid_post": [445, 637, 673, 1073, 1322, 2355, 2493, 2534, 2930, 3191, 3271, 3685, 3825, 3828, 3895, 3958, 3960, 3987, 4664, 4694, 4956, 5312, 5659, 5812, 5862, 6072, 6522, 6715, 6807, 6810, 7604, 7622, 8398, 8416, 8456, 8468, 8552, 8564, 8586, 8828, 9230, 9262, 9309, 9538, 10069, 10155, 10628, 10978, 11066, 11103, 11211, 11579, 11704, 11839, 11861, 12037, 12203, 12258, 12305, 12388, 12988, 13095, 13113, 13131, 13380, 13479, 13483, 13576, 13751, 13788, 13925, 13967, 14244, 14423, 14425, 14549, 14564, 14912, 15045, 15246, 15628, 15777, 15863, 16039, 16342], "total_density": 295, "avg_density": 73.75, "ce_loss": 2.165830135345459, "logit_diff": 5.004411220550537, "faithfulness": 1.0339982606778313}