{"blocks.7.hook_resid_post": [9152], "blocks.14.hook_resid_post": [5082], "blocks.21.hook_resid_post": [13730], "blocks.40.hook_resid_post": [2693, 3764, 6426], "total_density": 6, "avg_density": 1.5, "ce_loss": 5.69209098815918, "logit_diff": 1.9409092664718628, "faithfulness": 0.5523359179496765}