{"blocks.7.hook_resid_post": [4958, 9843, 2157, 9299, 9938, 6180, 10768, 11635], "blocks.14.hook_resid_post": [3021, 8734, 4093, 13245, 1563, 1788, 2576, 3805, 4542, 4811, 4834, 6868, 8269, 8629, 8746, 9066, 9930, 11991, 12725, 12929, 15603, 8746], "blocks.21.hook_resid_post": [6201, 15373, 12529, 5066, 7015, 11455, 5066, 52, 712, 964, 1408, 2707, 5394, 5880, 6650, 8082, 8127, 9551, 10824, 11135, 12314, 12598, 12643, 14377, 14515, 14958], "blocks.40.hook_resid_post": [637, 673, 1322, 2493, 3191, 3987, 6072, 7622, 8416, 8456, 8828, 9230, 9262, 10155, 10628, 11066, 11103, 11839, 13131, 13479, 14423, 15246, 15628], "total_density": 79, "avg_density": 19.75, "ce_loss": 2.874084949493408, "logit_diff": 2.3407113552093506, "faithfulness": 0.4836316128651515}