{"blocks.7.hook_resid_post": [9152], "blocks.14.hook_resid_post": [5082, 9224], "blocks.21.hook_resid_post": [13730, 7957, 12577], "blocks.40.hook_resid_post": [520, 2693, 2820, 3111, 3764, 6013, 6214, 6426, 9294, 10941, 11654, 15427], "total_density": 18, "avg_density": 4.5, "ce_loss": 5.4097394943237305, "logit_diff": 3.3030495643615723, "faithfulness": 0.9399681091308594}