{"blocks.0.hook_resid_post": [5082, 7840], "blocks.13.hook_resid_post": [6598, 7366, 3971], "blocks.26.hook_resid_post": [13947, 14280, 15225, 12664, 8432, 9720, 13056], "blocks.39.hook_resid_post": [1541, 2616, 2919, 4258, 4272, 4619, 6214, 6647, 7148, 7240, 7908, 8794, 9631, 12158, 12333, 13023], "total_density": 28, "avg_density": 7.0, "ce_loss": 4.335636615753174, "logit_diff": 1.9511350393295288, "faithfulness": 0.5398157345666947}