{"blocks.0.hook_resid_post": [], "blocks.5.hook_resid_post": [], "blocks.10.hook_resid_post": [], "blocks.15.hook_resid_post": [], "blocks.20.hook_resid_post": [1927, 10092], "blocks.25.hook_resid_post": [1493, 4541, 6373, 6847, 11869], "blocks.30.hook_resid_post": [1186, 4922, 6832, 7582, 8158, 8683, 13514], "blocks.35.hook_resid_post": [1661, 6333, 8009, 8936, 12358, 13863], "blocks.40.hook_resid_post": [3005, 4747, 5071, 5473, 5721, 6028, 7775, 7916, 9292, 9667, 10582, 10617, 12536, 14402, 15170], "total_density": 35, "avg_density": 3.888888888888889, "ce_loss": 6.938998222351074, "logit_diff": 0.006728720851242542, "faithfulness": 0.0018616186557009863}