{"blocks.7.hook_resid_post": [4958, 9843, 2157, 10768, 11635], "blocks.14.hook_resid_post": [3021, 4093, 13245, 1788, 2576, 4811, 4834, 6868, 8269, 8746, 9066, 12725, 12929, 15603], "blocks.21.hook_resid_post": [12529, 5066, 712, 1408, 2707, 5394, 9551, 12314], "blocks.40.hook_resid_post": [637, 673, 1322, 3191, 7622, 8456, 8828, 9230, 9262, 10155, 10628, 11103, 11839, 13479, 14423, 15246, 15628], "total_density": 44, "avg_density": 11.0, "ce_loss": 3.5775973796844482, "logit_diff": 0.9293985366821289, "faithfulness": 0.19202987685335005}