{"blocks.0.hook_resid_post": [2, 2, 2, 5, 6, 6, 6, 6, 6], "blocks.6.hook_resid_post": [2, 3, 5, 6, 6, 6, 6, 6, 6], "blocks.12.hook_resid_post": [2, 2, 2, 2, 3, 3, 4, 5, 6, 6, 6, 6, 6, 6], "blocks.18.hook_resid_post": [2, 2, 2, 2, 2, 2, 2, 3, 3, 5, 5, 6, 6, 6, 6, 6, 6, 6, 6, 6, 6, 6, 6, 6, 6, 6, 6, 6, 6, 6, 6, 6, 6], "blocks.24.hook_resid_post": [6, 6, 6, 6, 6, 6, 6, 6, 6, 6, 6, 6, 6, 6, 6, 6, 6, 6, 6, 6, 6, 6], "total_density": 87, "avg_density": 17.4, "ce_loss": 3.6541576385498047, "logit_diff": 2.89738130569458, "faithfulness": 0.901447530997672}