{"blocks.7.hook_resid_post": [9152], "blocks.14.hook_resid_post": [5082], "blocks.21.hook_resid_post": [13730, 4714, 10849], "blocks.40.hook_resid_post": [1743, 2235, 2488, 2693, 2820, 3111, 3510, 3764, 4661, 6013, 6214, 6426, 6574, 7788, 9294, 10941, 11314, 14988], "total_density": 23, "avg_density": 5.75, "ce_loss": 4.967090606689453, "logit_diff": 2.2081048488616943, "faithfulness": 0.6283733248710632}