{"blocks.7.hook_resid_post": [9353, 580, 2304, 3051, 3781, 4203, 4276, 4786, 5204, 6798, 7330, 7386, 9329, 9353, 9925, 11284, 12162, 13388, 1039, 2607, 3781, 4203, 4404, 5583, 6180, 6624, 7386, 9353, 10768, 11185, 11635], "blocks.14.hook_resid_post": [14632, 30, 1156, 2206, 3943, 4619, 5917, 6726, 6791, 8059, 11973, 14632, 604, 1448, 2469, 2941, 3751, 3943, 4811, 5917, 6191, 6868, 8055, 8392, 8629, 8746, 9066, 10954, 11320, 11733, 12300, 14632, 14778, 15305, 15886, 15939, 8746, 15305, 15939, 15305], "blocks.21.hook_resid_post": [8931, 14054, 611, 654, 2248, 7770, 8994, 10356, 11527, 13664, 14949, 322, 1049, 2023, 2248, 3997, 5821, 7544, 7770, 10356, 11527, 13256, 13627, 16178, 16271, 7544, 7770, 16178, 7770, 2000, 4718, 10260, 11732, 13027, 14053, 16178, 16379], "blocks.40.hook_resid_post": [160, 389, 425, 1001, 1500, 1950, 2584, 4182, 4501, 5263, 6262, 6748, 6773, 6921, 7136, 7273, 7280, 7340, 7586, 7848, 7883, 8415, 9137, 10100, 10832, 11029, 11442, 11915, 12093, 12348, 12444, 12869, 14155, 14196, 14216, 14332, 14462, 14592, 15300, 15362, 16056, 16086], "total_density": 150, "avg_density": 37.5, "ce_loss": 7.837629318237305, "logit_diff": 1.0498268604278564, "faithfulness": 0.2860409544674279}