{"blocks.7.hook_resid_post": [2304, 3051, 3781, 4203, 4276, 7330, 7386, 9329, 9353, 9925, 11284, 12162, 13388, 956, 3781, 6624, 10768, 11635], "blocks.14.hook_resid_post": [30, 1156, 2206, 3943, 5917, 6726, 6791, 8059, 11973, 14632, 604, 1448, 2469, 2941, 3751, 4811, 8055, 8629, 8746, 9066, 14632, 14778, 15305, 15886, 15939, 15305, 15939], "blocks.21.hook_resid_post": [8931, 611, 654, 2248, 8994, 10356, 11527, 13664, 14949, 322, 1049, 5821, 7544, 7770, 16178, 16271, 7770, 16178, 4718, 11732, 14053, 16178, 16379], "blocks.40.hook_resid_post": [389, 425, 1001, 2584, 4501, 6262, 6773, 6921, 7273, 7280, 7340, 7586, 7883, 8415, 9137, 10100, 11029, 11442, 11915, 12093, 12444, 14155, 14196, 14216, 14592, 15362, 16056, 16086], "total_density": 96, "avg_density": 24.0, "ce_loss": 7.787153720855713, "logit_diff": 0.9317105412483215, "faithfulness": 0.2538584051825639}