{"blocks.0.hook_resid_post": [1014, 5082, 5875, 6863, 12306, 14013, 15783, 45, 1283, 1366, 4630, 4713, 5591, 7145, 7840, 8570, 11465, 13373, 13866, 14287, 14313, 15072], "blocks.13.hook_resid_post": [6598, 11332, 7366, 11332, 13464, 237, 1015, 1648, 2670, 3129, 3957, 3971, 5230, 5529, 5618, 6390, 6440, 9920, 10343, 12679, 13454, 14891, 15525], "blocks.26.hook_resid_post": [5176, 13969, 2633, 3201, 3319, 7375, 9124, 11661, 12664, 13947, 14280, 15225, 15920, 16146, 16177, 2888, 5388, 7192, 12664, 13056, 14280, 14482, 15225, 15920, 16146, 13947, 66, 493, 510, 653, 752, 1169, 1484, 1600, 2162, 2388, 3450, 3871, 4055, 4670, 4700, 5460, 6166, 6235, 6237, 6444, 6651, 6969, 7375, 8080, 8242, 8261, 8432, 9720, 9811, 9897, 10140, 10201, 10535, 10998, 11037, 11213, 11615, 11730, 11998, 12664, 13056, 13115, 13947, 14028, 14067, 14092, 14482, 14567, 14919, 15003, 15261, 15831, 15847, 15920], "blocks.39.hook_resid_post": [564, 1137, 1541, 2542, 2616, 2744, 2771, 2804, 2919, 3218, 3238, 3268, 3288, 3352, 3386, 3424, 4089, 4258, 4272, 4451, 4619, 4746, 6214, 6283, 6398, 6647, 7021, 7148, 7163, 7240, 7283, 7742, 7908, 8067, 8794, 8974, 9492, 9631, 10118, 10260, 10277, 11257, 11663, 11812, 12158, 12333, 12387, 12827, 12895, 13023, 13082, 13110, 13776, 14220, 14789, 14791, 15485, 15631, 15737, 15917, 15977], "total_density": 186, "avg_density": 46.5, "ce_loss": 4.462604999542236, "logit_diff": 3.2240662574768066, "faithfulness": 0.8919944852559224}