{"blocks.0.hook_resid_post": [97, 2007, 3974, 4735, 6018, 6149, 7572, 7781, 8062, 8815, 9149, 10329, 11930, 14415, 16346], "blocks.6.hook_resid_post": [419, 428, 481, 1584, 2833, 5000, 7450, 7572, 8031, 8227, 8733, 9303, 10139, 10367, 10690, 10763, 11417, 12050, 12801, 13795, 14734, 14807, 15732, 15853, 15862, 15878, 16025, 16042, 16050], "blocks.12.hook_resid_post": [956, 1322, 1724, 2988, 3891, 3897, 4667, 4678, 5259, 5511, 6768, 6996, 7507, 8261, 9302, 9701, 9723, 10228, 10678, 11087, 11657, 13149, 13561, 14028, 15867, 15888, 15986, 16258], "blocks.18.hook_resid_post": [665, 755, 766, 1007, 1271, 1286, 1506, 2471, 2670, 2860, 4045, 4370, 4442, 4651, 4973, 6305, 7752, 8104, 8129, 8153, 10665, 10872, 11381, 11484, 11734, 11902, 12129, 13879, 14454, 14804, 15275, 15377, 15394], "blocks.24.hook_resid_post": [217, 454, 754, 1877, 2765, 3627, 3848, 5222, 5845, 5893, 7780, 10303, 11326, 11568, 13078, 14129, 14448, 14870], "total_density": 123, "avg_density": 24.6, "ce_loss": 5.4161763191223145, "logit_diff": 1.4671485424041748, "faithfulness": 0.4564664749364165}