{"blocks.7.hook_resid_post": [9152], "blocks.14.hook_resid_post": [5082], "blocks.21.hook_resid_post": [13730], "blocks.40.hook_resid_post": [2488, 2693, 2820, 3510, 3764, 4661, 6426, 6574, 9294], "total_density": 12, "avg_density": 3.0, "ce_loss": 5.208295822143555, "logit_diff": 1.996301293373108, "faithfulness": 0.5680991411209106}