{"blocks.7.hook_resid_post": [9152], "blocks.14.hook_resid_post": [5082, 9224], "blocks.21.hook_resid_post": [7957, 13730, 7957, 12577], "blocks.40.hook_resid_post": [520, 2693, 2820, 3111, 3764, 6013, 6214, 6426, 8680, 9294, 10941, 11654, 15427, 15600, 16098], "total_density": 22, "avg_density": 5.5, "ce_loss": 5.473143577575684, "logit_diff": 3.385862350463867, "faithfulness": 0.9635346531867981}