{"blocks.7.hook_resid_post": [9152], "blocks.14.hook_resid_post": [5082], "blocks.21.hook_resid_post": [13730, 170, 4714, 10849], "blocks.40.hook_resid_post": [520, 1452, 1743, 2235, 2488, 2693, 2820, 3111, 3510, 3764, 4661, 6013, 6214, 6426, 6574, 7788, 8003, 9294, 10455, 10941, 11314, 14988, 16048], "total_density": 29, "avg_density": 7.25, "ce_loss": 4.858283996582031, "logit_diff": 2.2211976051330566, "faithfulness": 0.6320992112159729}