{"blocks.7.hook_resid_post": [9152], "blocks.14.hook_resid_post": [5082, 9224], "blocks.21.hook_resid_post": [972, 7957, 13730, 7957, 12577], "blocks.40.hook_resid_post": [520, 2235, 2693, 2820, 3111, 3764, 6013, 6214, 6426, 8680, 9294, 10941, 11654, 13762, 15427, 15600, 16098], "total_density": 25, "avg_density": 6.25, "ce_loss": 5.479797840118408, "logit_diff": 3.434746503829956, "faithfulness": 0.9774459004402161}