{"blocks.0.hook_resid_post": [3974, 6248, 7572], "blocks.3.hook_resid_post": [13105, 15191], "blocks.6.hook_resid_post": [11417], "blocks.9.hook_resid_post": [54, 8717], "blocks.12.hook_resid_post": [2620, 10678], "blocks.15.hook_resid_post": [1695, 10653, 13449, 8805, 13449], "blocks.18.hook_resid_post": [442, 1271, 1506, 3931, 8129, 9392, 10665, 15377, 10665, 1506, 10665, 2247, 2860, 3261, 3851, 4442, 4667, 6305, 8153, 10441, 10665, 11381, 11849, 12129, 13045, 15275], "blocks.21.hook_resid_post": [1978, 6162, 217, 1978, 3521, 5273, 6162, 6278, 7320, 8266, 9478, 11951], "blocks.24.hook_resid_post": [261, 2765, 3627, 3848, 5222, 7513, 7780, 10301, 10303, 12040, 12608, 13078, 14129, 15057, 15542], "total_density": 68, "avg_density": 7.555555555555555, "ce_loss": 3.9219183921813965, "logit_diff": 1.6507900953292847, "faithfulness": 0.5136019386558642}