{"blocks.0.hook_resid_post": [45, 232, 1283, 5082, 7145, 7546, 7588, 7840, 12657, 13916, 14287, 14515, 15072], "blocks.10.hook_resid_post": [437, 1173, 1233, 1515, 1675, 2564, 2851, 3078, 6014, 7848, 8046, 8721, 10611, 11349, 11615, 12370, 13688, 14631, 15879], "blocks.20.hook_resid_post": [213, 320, 1767, 1927, 2772, 3554, 3774, 3874, 4266, 4352, 4613, 5411, 6539, 7435, 7839, 8049, 8635, 9537, 10042, 10092, 10570, 10868, 12636, 13533, 13574, 13762, 14620, 15240, 15558, 15725], "blocks.30.hook_resid_post": [90, 415, 718, 1186, 1517, 1555, 1731, 1783, 1927, 2175, 2580, 2683, 2699, 3364, 3489, 5176, 5365, 5537, 5738, 6868, 6958, 7109, 7582, 7646, 8229, 8255, 8617, 8923, 9019, 9858, 9998, 10175, 11360, 11388, 11941, 11955, 12175, 13000, 13205, 13217, 13957, 14273, 14493, 14615, 14780, 15017, 15229, 15380, 15531, 15708, 15875, 16136, 16242], "blocks.40.hook_resid_post": [467, 500, 1304, 1761, 2455, 2473, 2526, 2693, 3111, 4661, 5085, 5351, 5363, 5680, 6017, 6028, 6097, 6262, 6426, 6573, 7005, 7084, 7916, 8446, 9251, 9961, 11267, 11416, 12272, 12305, 12335, 12695, 12844, 13645, 14362, 14402, 14817, 15170, 15252, 15871, 16166], "total_density": 156, "avg_density": 31.2, "ce_loss": 8.262975692749023, "logit_diff": 2.2744128704071045, "faithfulness": 0.6292562173290958}