{"blocks.0.hook_resid_post": [2, 2, 2, 5], "blocks.3.hook_resid_post": [2, 2, 2, 2, 5], "blocks.6.hook_resid_post": [2, 2, 2, 5], "blocks.9.hook_resid_post": [2, 2, 2, 5], "blocks.12.hook_resid_post": [2, 2, 2, 2, 3, 5, 6, 6, 6, 6], "blocks.15.hook_resid_post": [2, 2, 2, 2, 2, 2, 2, 2, 2, 2, 2, 3, 3, 5, 5, 5, 6, 6, 6, 6, 6, 6, 6, 6], "blocks.18.hook_resid_post": [1, 2, 2, 2, 2, 2, 2, 2, 2, 2, 2, 2, 2, 2, 2, 2, 2, 2, 2, 2, 2, 2, 2, 3, 3, 4, 5, 5, 5, 5, 5, 5, 6, 6, 6, 6, 6, 6, 6, 6, 6, 6, 6, 6, 6, 6, 6, 6, 6, 6, 6, 6, 6, 6, 6, 6, 6, 6, 6, 6, 6, 6, 6, 6], "blocks.21.hook_resid_post": [2, 2, 2, 2, 5, 5, 5, 5, 6, 6, 6, 6, 6, 6, 6, 6, 6, 6, 6, 6, 6, 6, 6, 6, 6, 6, 6, 6], "blocks.24.hook_resid_post": [6, 6, 6, 6, 6, 6, 6, 6, 6, 6, 6, 6, 6, 6, 6, 6, 6, 6, 6, 6, 6, 6, 6, 6, 6, 6, 6, 6], "total_density": 171, "avg_density": 19.0, "ce_loss": 4.109165668487549, "logit_diff": 1.4845534563064575, "faithfulness": 0.46188157740622365}