{"blocks.7.hook_resid_post": [9152], "blocks.14.hook_resid_post": [5082], "blocks.21.hook_resid_post": [13730], "blocks.40.hook_resid_post": [2693, 3764], "total_density": 5, "avg_density": 1.25, "ce_loss": 5.837071895599365, "logit_diff": 1.5929508209228516, "faithfulness": 0.4533153474330902}