{"blocks.7.hook_resid_post": [9152], "blocks.14.hook_resid_post": [5082, 9224], "blocks.21.hook_resid_post": [13730, 12577, 170, 4714, 10849], "blocks.40.hook_resid_post": [520, 1452, 1743, 2235, 2488, 2693, 2820, 3111, 3510, 3764, 4661, 6013, 6214, 6426, 6574, 7788, 8003, 9294, 10455, 10941, 11314, 11654, 13762, 14988, 15600, 16048], "total_density": 34, "avg_density": 8.5, "ce_loss": 4.829881191253662, "logit_diff": 2.91042160987854, "faithfulness": 0.8282356858253479}