{"blocks.7.hook_resid_post": [9152, 11958, 12699, 13808, 4469, 9152, 447, 2868, 4146, 7136, 7479, 10115, 10137, 14287, 14371], "blocks.14.hook_resid_post": [5082, 9259, 10404, 14148, 9224, 9259, 14148, 9224, 5082, 1524, 5858, 6570, 8096, 8434, 11236, 15808, 16012], "blocks.21.hook_resid_post": [4, 972, 7105, 7476, 7957, 10941, 12721, 13730, 15008, 15981, 4, 6559, 6633, 7957, 8293, 10941, 11178, 12148, 12577, 13168, 14848, 6559, 7957, 10941, 12577, 13168, 6293, 14638, 319, 865, 1507, 4297, 6333, 6559, 9591, 10309, 10612, 10849, 11008, 12577, 12585, 14163, 14241, 14621, 15891], "blocks.40.hook_resid_post": [176, 497, 520, 611, 662, 1152, 1452, 2235, 2488, 2664, 2693, 2820, 3111, 3506, 3510, 3624, 3764, 3765, 4022, 4922, 5085, 5184, 5315, 5570, 5610, 6013, 6214, 6302, 6426, 6545, 6571, 6574, 7236, 7408, 7699, 7776, 7788, 8487, 8502, 8680, 9294, 9491, 9961, 10372, 10604, 10941, 11051, 11654, 12333, 12407, 12746, 13074, 13082, 13464, 13504, 13762, 13985, 14861, 14988, 15427, 15600, 15868, 16048, 16098], "total_density": 141, "avg_density": 35.25, "ce_loss": 5.218198776245117, "logit_diff": 3.3950355052948, "faithfulness": 0.9661450982093811}