{"blocks.0.hook_resid_post": [289, 1366, 4713, 5591, 7546, 7588, 7840, 13373, 13916, 14287, 14515, 16260], "blocks.5.hook_resid_post": [274, 6749, 7725, 11332, 11960], "blocks.10.hook_resid_post": [437, 1173, 1515, 2041, 2496, 4383, 13817, 15879], "blocks.15.hook_resid_post": [22, 1410, 1762, 2805, 7605, 11156, 12943, 13826, 15281], "blocks.20.hook_resid_post": [49, 99, 1767, 1927, 2253, 2722, 4266, 5411, 7839, 8803, 10092], "blocks.25.hook_resid_post": [52, 1493, 3450, 3568, 4541, 5169, 5607, 6373, 6847, 9916, 11869, 12124, 12553, 13141, 13641, 13951, 15962], "blocks.30.hook_resid_post": [592, 1025, 1186, 1731, 1927, 4248, 4668, 4922, 5038, 5144, 5537, 6832, 7582, 7646, 7837, 8158, 8255, 8683, 8923, 10331, 12562, 13514, 14766], "blocks.35.hook_resid_post": [391, 643, 1617, 1661, 1856, 3611, 4840, 5939, 6144, 6333, 7623, 7793, 8009, 8042, 8140, 8936, 9726, 10774, 11432, 12292, 12358, 12565, 12828, 13331, 13863, 14009], "blocks.40.hook_resid_post": [543, 878, 956, 1069, 1194, 1272, 1310, 1771, 1827, 1890, 1961, 2102, 2113, 2272, 2347, 2666, 3005, 3442, 3510, 3747, 3751, 3787, 3830, 4138, 4346, 4586, 4747, 4892, 5071, 5114, 5254, 5351, 5473, 5646, 5721, 5723, 6028, 6081, 6612, 7084, 7095, 7130, 7419, 7558, 7564, 7604, 7746, 7775, 7916, 7920, 8548, 9269, 9292, 9449, 9667, 9751, 10271, 10332, 10480, 10582, 10617, 10687, 11108, 11416, 12140, 12333, 12527, 12536, 12923, 13096, 13512, 13588, 13799, 14279, 14362, 14402, 14519, 14850, 15170, 15172, 15240, 15396, 15871], "total_density": 194, "avg_density": 21.555555555555557, "ce_loss": 7.977960586547852, "logit_diff": 0.0025835991837084293, "faithfulness": 0.0007147980345116094}