{"blocks.7.hook_resid_post": [9152], "blocks.14.hook_resid_post": [5082], "blocks.21.hook_resid_post": [13730], "blocks.40.hook_resid_post": [2693, 3764, 6426, 11654], "total_density": 7, "avg_density": 1.75, "ce_loss": 5.715673446655273, "logit_diff": 2.234919786453247, "faithfulness": 0.6360042095184326}