{"blocks.0.hook_resid_post": [97, 688, 2007, 2434, 3044, 3462, 3974, 4735, 6018, 6149, 6433, 7572, 7781, 8062, 8067, 8815, 9149, 10329, 11930, 14415, 16346], "blocks.6.hook_resid_post": [196, 418, 419, 428, 481, 1411, 1584, 1691, 1872, 2833, 3415, 5000, 5214, 6258, 6394, 7450, 7572, 8031, 8227, 8733, 9303, 9743, 10139, 10367, 10690, 10763, 11361, 11417, 12050, 12652, 12801, 13183, 13460, 13795, 14363, 14734, 14807, 15181, 15254, 15682, 15732, 15853, 15854, 15862, 15878, 16025, 16042, 16050], "blocks.12.hook_resid_post": [607, 956, 1322, 1724, 2180, 2355, 2452, 2988, 3302, 3415, 3530, 3566, 3582, 3891, 3897, 4310, 4667, 4678, 4790, 5259, 5479, 5511, 5719, 6564, 6768, 6889, 6996, 8261, 9247, 9302, 9701, 9723, 10228, 10678, 11087, 11258, 11657, 13149, 13251, 13328, 13550, 13561, 13596, 13653, 13825, 13973, 14028, 14031, 15205, 15867, 15888, 15943, 15986, 16258], "blocks.18.hook_resid_post": [442, 665, 755, 766, 940, 1007, 1271, 1286, 1506, 1857, 1896, 2454, 2471, 2670, 2793, 2860, 3261, 3851, 4045, 4370, 4442, 4651, 4667, 4973, 5443, 5483, 5719, 5999, 6305, 6445, 6651, 6868, 7047, 7373, 7481, 7483, 7518, 7752, 8104, 8129, 8153, 9392, 9525, 9777, 10410, 10665, 10872, 11381, 11484, 11734, 11902, 12071, 12129, 12358, 12704, 12927, 13045, 13852, 13879, 13980, 14298, 14454, 14754, 14804, 14865, 15275, 15377, 15388, 15394, 15573, 15934, 16097], "blocks.24.hook_resid_post": [217, 280, 311, 454, 754, 1802, 1877, 2765, 3627, 3848, 5222, 5845, 5893, 7780, 9974, 10303, 11326, 11568, 12040, 12608, 13078, 14129, 14448, 14568, 14870, 15034, 15057, 15542, 15786], "total_density": 224, "avg_density": 44.8, "ce_loss": 4.3991804122924805, "logit_diff": 1.2521361112594604, "faithfulness": 0.38957074919667123}