{"blocks.0.hook_resid_post": [97, 3974, 4735, 6018, 7781, 8062, 9149, 16346], "blocks.6.hook_resid_post": [481, 1584, 7572, 8227, 8733, 9303, 10367, 11417, 12050, 12801, 13795, 15732, 15862, 16025], "blocks.12.hook_resid_post": [1724, 2988, 5511, 6768, 9302, 9701, 9723, 10678, 11087, 11657, 13561, 15888, 15986, 16258], "blocks.18.hook_resid_post": [766, 1271, 1506, 2471, 2670, 2860, 4442, 6305, 7752, 8104, 8129, 8153, 10665, 11381, 11902, 13879, 15275, 15377, 15394], "blocks.24.hook_resid_post": [217, 454, 1877, 2765, 3627, 7780, 11326, 11568, 13078, 14129, 14448], "total_density": 66, "avg_density": 13.2, "ce_loss": 6.5184454917907715, "logit_diff": 0.05976078659296036, "faithfulness": 0.0185930700314878}