{"blocks.7.hook_resid_post": [4958, 4958, 9299, 9938, 11644, 11669], "blocks.14.hook_resid_post": [501, 3021, 3818, 12405], "blocks.21.hook_resid_post": [1408, 3076, 3385, 8255, 12314, 1408, 5394, 12314], "blocks.40.hook_resid_post": [34, 637, 673, 1322, 1849, 3191, 4970, 6971, 7421, 7622, 8468, 9230, 9262, 10155, 10628, 10978, 11066, 11103, 11839, 13479, 14423, 14425, 15246, 15628], "total_density": 42, "avg_density": 10.5, "ce_loss": 2.8780195713043213, "logit_diff": 1.1070846319198608, "faithfulness": 0.26578059008454474}