{"blocks.7.hook_resid_post": [197, 2498, 4958, 15041, 2498, 5337, 9299, 9938, 2157, 2498, 4958, 11644, 2157, 2498, 5337, 9843, 11644, 4958, 5337, 10665, 11522, 11669, 4958, 5337, 9299, 11644, 11669, 15003, 15880], "blocks.14.hook_resid_post": [534, 3021, 534, 4093, 12405, 534, 3021, 13245, 15322, 534, 8734, 11578, 13245, 3021, 4170, 11578, 12405, 501, 534, 2038, 3021, 3818, 5689, 9393, 11578, 12405, 13677, 15588, 15998], "blocks.21.hook_resid_post": [5225, 12112, 2453, 2498, 6201, 15373, 2498, 4328, 6201, 12295, 2453, 2498, 4170, 6201, 12529, 15373, 2453, 2498, 4170, 6201, 12529, 14219, 4170, 4513, 6201, 12529, 14219, 15373, 613, 1197, 1408, 1677, 3076, 3101, 3272, 3278, 3385, 3643, 3867, 4328, 4351, 5066, 5478, 6219, 6740, 6902, 6970, 7015, 7454, 7482, 7848, 7992, 8255, 8615, 8853, 9162, 9412, 9601, 10644, 10824, 11489, 11889, 11926, 12295, 12314, 12808, 12815, 12959, 14202, 14219, 14298, 15282, 15373, 15954, 16372, 1408, 2739, 3076, 4351, 8853, 11752, 12314, 15881, 712, 1408, 1677, 1744, 2739, 3063, 3076, 3278, 3638, 4351, 4672, 4781, 5148, 5162, 5394, 5623, 6650, 8082, 8127, 8255, 8775, 10003, 10488, 10532, 11752, 11983, 12314, 12598, 12643, 12797, 12987, 13372, 14140, 14343, 14638, 15881], "blocks.40.hook_resid_post": [34, 130, 215, 445, 504, 597, 637, 673, 803, 950, 1073, 1322, 1849, 2355, 2493, 2534, 2646, 2653, 2664, 2996, 3191, 3685, 3799, 3825, 3827, 3828, 3895, 3960, 3987, 4694, 4956, 4970, 5306, 5312, 5894, 5936, 6072, 6610, 6810, 6842, 6971, 7312, 7421, 7622, 8176, 8407, 8468, 8552, 8853, 8870, 9230, 9262, 9447, 9487, 9538, 9578, 9682, 10000, 10155, 10628, 10757, 10978, 11066, 11103, 11211, 11579, 11704, 11839, 11861, 12037, 12102, 12203, 12321, 12388, 12689, 12945, 13095, 13113, 13131, 13380, 13479, 13576, 13788, 13836, 13925, 13967, 14423, 14425, 15246, 15394, 15458, 15505, 15526, 15628, 15690, 16039, 16231, 16342], "total_density": 275, "avg_density": 68.75, "ce_loss": 2.2610461711883545, "logit_diff": 4.4948506355285645, "faithfulness": 1.0790900892382274}