{"blocks.7.hook_resid_post": [9152], "blocks.14.hook_resid_post": [5082, 9224, 9259], "blocks.21.hook_resid_post": [972, 7957, 13730, 7957, 8293, 12577, 7957, 12577], "blocks.40.hook_resid_post": [520, 2235, 2693, 2820, 3111, 3624, 3764, 6013, 6214, 6426, 8680, 9294, 10941, 11654, 13762, 15427, 15600, 16098], "total_density": 30, "avg_density": 7.5, "ce_loss": 5.4993367195129395, "logit_diff": 3.4532108306884766, "faithfulness": 0.9827004075050354}