{"blocks.0.hook_resid_post": [], "blocks.3.hook_resid_post": [], "blocks.6.hook_resid_post": [], "blocks.9.hook_resid_post": [], "blocks.12.hook_resid_post": [], "blocks.15.hook_resid_post": [], "blocks.18.hook_resid_post": [], "blocks.21.hook_resid_post": [2255], "blocks.24.hook_resid_post": [3848, 7780, 9428, 10301, 12608, 13752, 15057], "total_density": 8, "avg_density": 0.8888888888888888, "ce_loss": 6.495127201080322, "logit_diff": -0.04560117796063423, "faithfulness": -0.014187662908712224}