{"blocks.7.hook_resid_post": [4276, 4384, 6624, 7386, 9238, 11204, 12664, 12956, 124, 580, 1339, 1450, 1598, 2304, 2846, 3051, 3781, 3799, 4006, 4203, 4276, 4786, 5204, 6717, 6798, 7245, 7330, 7386, 7844, 8298, 9329, 9353, 9925, 10702, 11284, 11850, 12162, 13043, 13388, 14691, 14897, 75, 956, 1039, 1361, 1657, 2038, 2455, 2607, 3781, 4203, 4276, 4404, 5332, 5583, 6180, 6878, 6984, 7120, 7386, 7924, 9089, 9353, 9471, 10768, 10793, 11185, 11635, 11713, 13205, 13411, 14915], "blocks.14.hook_resid_post": [13474, 30, 1156, 1591, 1817, 2206, 3274, 3751, 3943, 4619, 5917, 6726, 6791, 8059, 9235, 11341, 11973, 12136, 14632, 15625, 15939, 3742, 212, 477, 604, 1448, 2469, 2941, 3085, 3514, 3751, 3943, 4312, 4811, 5301, 5917, 5954, 6191, 6791, 6868, 7205, 8055, 8392, 8629, 8746, 9066, 9862, 10954, 11214, 11320, 11733, 12117, 12300, 14632, 14778, 15305, 15886, 15939, 16208, 212, 349, 688, 5519, 7492, 8746, 15305, 15939, 15305, 820, 6881, 27, 349, 5682, 7504, 8168, 14863], "blocks.21.hook_resid_post": [379, 5477, 6387, 6696, 7579, 7638, 7770, 8398, 8931, 11306, 15474, 16271, 229, 611, 654, 2248, 6567, 8994, 10356, 11527, 12090, 12561, 13526, 13664, 14054, 14949, 16280, 322, 361, 571, 628, 1049, 1902, 2023, 2248, 3835, 3997, 5625, 5762, 5821, 7278, 7544, 7770, 9212, 10356, 10668, 11208, 11373, 11527, 12440, 12537, 13256, 13488, 13627, 14054, 14466, 14949, 15178, 15616, 16178, 16280, 361, 3835, 7544, 7770, 12440, 12851, 16178, 7770, 10260, 10905, 16178, 1322, 2000, 4718, 6056, 6183, 6679, 7519, 7959, 8430, 9443, 10260, 10593, 10690, 11373, 11732, 12493, 12763, 13215, 13300, 13425, 13466, 14053, 14581, 14638, 15033, 15083, 15435, 16178, 16379], "blocks.40.hook_resid_post": [55, 160, 366, 389, 425, 1001, 1265, 1500, 1739, 1929, 1950, 2584, 2669, 3144, 3369, 3624, 4182, 4366, 4398, 4501, 4860, 5263, 5291, 5301, 5497, 6262, 6748, 6773, 6921, 7136, 7273, 7280, 7337, 7340, 7586, 7707, 7762, 7848, 7875, 7883, 8415, 8583, 8792, 9137, 9347, 10100, 10101, 10645, 10832, 11029, 11442, 11915, 12348, 12444, 12665, 12681, 13337, 13463, 13643, 13648, 14144, 14155, 14196, 14216, 14332, 14462, 14592, 14955, 15010, 15287, 15300, 15362, 15473, 15834, 16056, 16086, 16258, 16298], "total_density": 327, "avg_density": 81.75, "ce_loss": 7.535317897796631, "logit_diff": 1.6274921894073486, "faithfulness": 0.44343447171530326}