{"blocks.7.hook_resid_post": [9152, 9299, 9938, 15380, 4344, 4958, 9843, 2157, 9299, 9938, 1361, 4786, 5583, 6180, 9089, 10768, 10862, 11635], "blocks.14.hook_resid_post": [5082, 4093, 3021, 8734, 4093, 12405, 13245, 1563, 1788, 2576, 3742, 3805, 4542, 4811, 4834, 6868, 8269, 8538, 8629, 8657, 8746, 9066, 9930, 10954, 11766, 12725, 12929, 14864, 15603, 3742, 8746, 10244, 11991, 15628], "blocks.21.hook_resid_post": [5225, 13730, 2453, 6201, 15373, 4170, 4328, 12529, 534, 3433, 5066, 6352, 6740, 7015, 7992, 9663, 11416, 11455, 12808, 15546, 20, 3076, 5066, 5880, 7454, 8615, 9663, 11416, 11455, 11489, 14638, 52, 639, 712, 964, 1408, 1744, 1831, 1961, 2707, 3278, 3638, 4343, 4672, 4708, 4781, 5394, 5880, 6650, 7192, 8082, 8127, 8615, 8775, 8781, 8853, 9551, 10532, 10824, 11135, 12314, 12598, 12643, 13284, 13578, 14377, 14515, 14638, 14958], "blocks.40.hook_resid_post": [445, 637, 673, 1322, 2355, 2493, 2930, 3191, 3685, 3825, 3987, 4664, 4694, 4956, 5659, 5862, 5911, 6072, 6522, 6807, 6810, 7604, 7622, 8398, 8416, 8456, 8468, 8564, 8828, 9230, 9262, 9309, 9538, 10069, 10155, 10628, 10978, 11066, 11103, 11704, 11839, 12037, 12258, 12388, 13131, 13479, 13483, 13576, 13751, 13967, 14244, 14423, 14425, 14549, 14564, 15045, 15246, 15628, 15777, 15863, 16039, 16342], "total_density": 183, "avg_density": 45.75, "ce_loss": 2.3046000003814697, "logit_diff": 4.265265464782715, "faithfulness": 0.8812779121355603}