{"blocks.0.hook_resid_post": [45, 232, 401, 587, 1014, 1283, 2771, 3645, 4630, 5082, 7145, 7546, 7588, 7840, 12657, 13916, 14287, 14515, 15072, 16284], "blocks.10.hook_resid_post": [437, 554, 1173, 1233, 1515, 1675, 1966, 2564, 2851, 3078, 3151, 3789, 5257, 6014, 6542, 7755, 7773, 7848, 8046, 8346, 8721, 10205, 10611, 11349, 11615, 11800, 12370, 13688, 13817, 14626, 14631, 15104, 15590, 15879, 16215], "blocks.20.hook_resid_post": [35, 49, 213, 320, 578, 1693, 1767, 1927, 2738, 2761, 2772, 3255, 3554, 3774, 3874, 4249, 4266, 4352, 4613, 5411, 5852, 6539, 7016, 7229, 7435, 7449, 7819, 7839, 7990, 8049, 8635, 8803, 8847, 8914, 9185, 9537, 9549, 10042, 10078, 10092, 10112, 10201, 10348, 10395, 10570, 10681, 10753, 10868, 12636, 13236, 13533, 13574, 13692, 13762, 14620, 15040, 15240, 15558, 15725, 15792, 16265], "blocks.30.hook_resid_post": [90, 119, 415, 503, 553, 592, 695, 718, 1025, 1186, 1501, 1517, 1555, 1731, 1783, 1927, 2175, 2429, 2580, 2683, 2699, 2730, 3062, 3175, 3364, 3489, 3500, 4668, 4922, 5176, 5365, 5467, 5537, 5738, 6145, 6257, 6426, 6441, 6868, 6958, 7109, 7582, 7646, 7747, 7954, 8053, 8229, 8255, 8617, 8923, 9019, 9583, 9816, 9858, 9998, 10068, 10175, 11194, 11360, 11388, 11941, 11955, 12175, 12223, 12878, 13000, 13205, 13217, 13404, 13477, 13730, 13957, 14158, 14219, 14273, 14493, 14609, 14615, 14780, 15017, 15205, 15229, 15380, 15531, 15704, 15708, 15875, 15915, 15985, 15996, 16130, 16136, 16242], "blocks.40.hook_resid_post": [293, 328, 467, 500, 785, 956, 1304, 1761, 1929, 2250, 2455, 2473, 2526, 2605, 2693, 3111, 3658, 3787, 4661, 5055, 5085, 5351, 5363, 5680, 5987, 6017, 6028, 6081, 6097, 6262, 6325, 6374, 6426, 6550, 6573, 7005, 7084, 7516, 7916, 8131, 8132, 8370, 8446, 9251, 9696, 9961, 10604, 11051, 11187, 11244, 11267, 11416, 12272, 12305, 12333, 12335, 12377, 12536, 12695, 12844, 12862, 12905, 13582, 14362, 14402, 14817, 15170, 15252, 15871, 15875, 15957, 15962, 16166], "total_density": 282, "avg_density": 56.4, "ce_loss": 5.875253200531006, "logit_diff": 2.0015246868133545, "faithfulness": 0.553756914455702}