{"blocks.0.hook_resid_post": [], "blocks.5.hook_resid_post": [], "blocks.10.hook_resid_post": [], "blocks.15.hook_resid_post": [22, 1410, 1762, 12943], "blocks.20.hook_resid_post": [1927, 2253, 7839, 8803, 10092], "blocks.25.hook_resid_post": [1493, 3450, 4541, 6373, 6847, 11869], "blocks.30.hook_resid_post": [1186, 1927, 4922, 6832, 7582, 7837, 8158, 8255, 8683, 13514, 14766], "blocks.35.hook_resid_post": [1617, 1661, 4840, 6144, 6333, 8009, 8042, 8936, 9726, 12828, 13863], "blocks.40.hook_resid_post": [878, 1961, 2666, 3005, 4747, 5071, 5473, 5721, 6028, 6081, 7084, 7130, 7564, 7775, 7916, 8548, 9292, 9667, 10582, 10617, 11416, 12333, 12536, 13799, 14362, 14402, 14519, 15170, 15396], "total_density": 66, "avg_density": 7.333333333333333, "ce_loss": 7.277337074279785, "logit_diff": 0.011595058254897594, "faithfulness": 0.0032079762615313486}