{"blocks.0.hook_resid_post": [5082, 7546, 7588, 14515], "blocks.10.hook_resid_post": [1233, 1515, 1675, 11615], "blocks.20.hook_resid_post": [320, 3554, 3874, 4352, 7435, 7839, 8635, 10570, 10868, 13574, 13762, 15240], "blocks.30.hook_resid_post": [1186, 1517, 1927, 2580, 2683, 2699, 3364, 3489, 6958, 7109, 7582, 9858, 11955, 12175, 13205, 13217, 13957, 14615, 15229, 15531], "blocks.40.hook_resid_post": [467, 1304, 1761, 2455, 2693, 3111, 5085, 5351, 5680, 6028, 6097, 6426, 6573, 7005, 7084, 7916, 9251, 9961, 11267, 11416, 12272, 12335, 12695, 14402, 15170, 16166], "total_density": 66, "avg_density": 13.2, "ce_loss": 10.55765438079834, "logit_diff": -0.02161477319896221, "faithfulness": -0.005980106162154611}