{"blocks.0.hook_resid_post": [3044, 3974, 7572, 8067, 10329], "blocks.3.hook_resid_post": [6563, 14214, 15191], "blocks.6.hook_resid_post": [481, 7572, 11417], "blocks.9.hook_resid_post": [54, 8067, 8717, 10185], "blocks.12.hook_resid_post": [2620, 2988, 6810, 7507, 10678, 11087, 13726], "blocks.15.hook_resid_post": [1249, 1695, 2234, 8610, 8683, 8759, 9375, 9439, 10397, 10480, 10843, 13449, 14717, 15687, 15984], "blocks.18.hook_resid_post": [442, 755, 766, 1506, 1688, 3633, 4370, 4442, 6305, 7373, 7481, 9392, 9506, 10441, 11381, 11663, 14528, 15394, 15934], "blocks.21.hook_resid_post": [908, 959, 1978, 2255, 2460, 2788, 3686, 4435, 5273, 6115, 6162, 6577, 6878, 8948, 9478, 9580, 12020, 13174, 13557, 14010, 15612, 16199], "blocks.24.hook_resid_post": [261, 754, 1427, 1802, 3173, 3848, 4559, 5482, 5845, 7780, 9428, 9589, 10136, 10301, 10303, 11326, 12006, 12608, 13078, 13429, 13752, 14448, 15057], "total_density": 101, "avg_density": 11.222222222222221, "ce_loss": 5.4891133308410645, "logit_diff": -0.022314680740237236, "faithfulness": -0.006942653291354047}