{"blocks.7.hook_resid_post": [4958, 4958, 9299, 9938, 11644, 11669], "blocks.14.hook_resid_post": [3021, 4170, 501, 2225, 3021, 3818, 5689, 12405], "blocks.21.hook_resid_post": [2453, 1408, 1677, 3076, 3278, 3385, 5478, 6740, 6902, 7015, 8255, 10824, 12314, 12815, 712, 1408, 3638, 5394, 8082, 8127, 11983, 12314, 12987, 15881], "blocks.40.hook_resid_post": [34, 637, 673, 1073, 1322, 1849, 2493, 3191, 3895, 3987, 4970, 6971, 7421, 7622, 8468, 9230, 9262, 10000, 10155, 10628, 10978, 11066, 11103, 11839, 12945, 13095, 13380, 13479, 13925, 14423, 14425, 15246, 15628], "total_density": 71, "avg_density": 17.75, "ce_loss": 2.654768943786621, "logit_diff": 2.298084259033203, "faithfulness": 0.5517068639735773}