{"blocks.7.hook_resid_post": [9152], "blocks.14.hook_resid_post": [5082], "blocks.21.hook_resid_post": [13730, 10849], "blocks.40.hook_resid_post": [2488, 2693, 2820, 3510, 3764, 4661, 6214, 6426, 6574, 9294, 10941, 11314, 14988], "total_density": 17, "avg_density": 4.25, "ce_loss": 5.059316158294678, "logit_diff": 2.062178611755371, "faithfulness": 0.5868462324142456}