{"blocks.7.hook_resid_post": [9152], "blocks.14.hook_resid_post": [5082, 9224], "blocks.21.hook_resid_post": [13730, 7957, 12577], "blocks.40.hook_resid_post": [520, 2693, 2820, 3111, 3764, 6013, 6214, 6426, 9294, 10941, 11654, 15427, 16098], "total_density": 19, "avg_density": 4.75, "ce_loss": 5.473206996917725, "logit_diff": 3.3220252990722656, "faithfulness": 0.9453681707382202}