{"blocks.0.hook_resid_post": [2, 2, 2, 2, 2, 2, 2, 2, 5, 6], "blocks.3.hook_resid_post": [2, 2, 2, 2, 2, 2, 2, 2, 5, 6], "blocks.6.hook_resid_post": [2, 2, 2, 2, 2, 2, 5, 6], "blocks.9.hook_resid_post": [2, 2, 2, 2, 2, 2, 5], "blocks.12.hook_resid_post": [2, 2, 2, 2, 2, 3, 3, 5, 5, 6, 6, 6, 6, 6, 6, 6], "blocks.15.hook_resid_post": [1, 2, 2, 2, 2, 2, 2, 2, 2, 2, 2, 2, 2, 2, 2, 2, 2, 2, 2, 2, 2, 2, 2, 2, 2, 2, 2, 3, 3, 3, 3, 5, 5, 5, 6, 6, 6, 6, 6, 6, 6, 6, 6, 6, 6, 6, 6, 6, 6, 6, 6, 6, 6, 6, 6, 6, 6], "blocks.18.hook_resid_post": [1, 1, 1, 1, 2, 2, 2, 2, 2, 2, 2, 2, 2, 2, 2, 2, 2, 2, 2, 2, 2, 2, 2, 2, 2, 2, 2, 2, 2, 2, 2, 2, 2, 2, 2, 2, 2, 2, 2, 2, 2, 2, 2, 2, 3, 3, 3, 3, 3, 3, 3, 4, 5, 5, 5, 5, 5, 5, 5, 5, 5, 5, 5, 5, 6, 6, 6, 6, 6, 6, 6, 6, 6, 6, 6, 6, 6, 6, 6, 6, 6, 6, 6, 6, 6, 6, 6, 6, 6, 6, 6, 6, 6, 6, 6, 6, 6, 6, 6, 6, 6, 6, 6, 6, 6, 6, 6, 6, 6, 6, 6, 6, 6, 6, 6, 6, 6, 6, 6, 6, 6], "blocks.21.hook_resid_post": [2, 2, 2, 2, 2, 2, 5, 5, 5, 5, 5, 5, 5, 5, 6, 6, 6, 6, 6, 6, 6, 6, 6, 6, 6, 6, 6, 6, 6, 6, 6, 6, 6, 6, 6, 6, 6, 6, 6, 6, 6, 6, 6, 6, 6, 6, 6, 6, 6, 6, 6, 6, 6, 6], "blocks.24.hook_resid_post": [5, 6, 6, 6, 6, 6, 6, 6, 6, 6, 6, 6, 6, 6, 6, 6, 6, 6, 6, 6, 6, 6, 6, 6, 6, 6, 6, 6, 6, 6, 6, 6, 6, 6, 6, 6, 6, 6, 6, 6], "total_density": 323, "avg_density": 35.888888888888886, "ce_loss": 3.6667356491088867, "logit_diff": 1.9824270009994507, "faithfulness": 0.616782444865561}